{"emphasizedBackground":{"saturation":0.005025125628140685,"alpha":1,"hue":0.6666666666666666,"value":0.7803921568627451},"secondaryButton":{"value":0.7764705882352941,"saturation":0,"hue":0,"alpha":1},"primaryButton":{"alpha":1,"hue":0.5606060606060607,"saturation":0.20886075949367094,"value":0.6196078431372549},"secondaryBackground":{"alpha":1,"saturation":0.09952606635071082,"hue":0.10317460317460313,"value":0.8274509803921568},"secondaryText":{"saturation":0,"value":0.2,"hue":0,"alpha":1},"highlightBackground":{"alpha":1,"saturation":0,"hue":0,"value":0.2},"primaryText":{"alpha":1,"hue":0,"value":0,"saturation":0},"highlightText":{"hue":0,"value":0,"alpha":1,"saturation":0},"background":{"hue":0.5606060606060607,"saturation":0.20886075949367094,"alpha":1,"value":0.6196078431372549},"canvasBackground":{"value":0.396078431372549,"saturation":0.15841584158415842,"hue":0.875,"alpha":1},"selectedBackground":{"value":0.7764705882352941,"alpha":1,"hue":0,"saturation":0},"selectedText":{"saturation":0,"alpha":1,"hue":0,"value":0},"secondary":{"value":0.8705882352941177,"saturation":0.2207207207207207,"alpha":1,"hue":0.5680272108843538},"primary":{"hue":0,"alpha":1,"value":0,"saturation":0}}