{"secondaryText":{"hue":0,"value":0,"saturation":0,"alpha":1},"secondary":{"hue":0.57205240174672489,"value":1,"saturation":0,"alpha":1},"secondaryButton":{"hue":0.5771513353115727,"value":1,"saturation":0,"alpha":1},"secondaryBackground":{"hue":0.57641921397379914,"value":0.92664670658682635,"saturation":0.12406576980568013,"alpha":1},"primaryText":{"hue":0,"value":0,"saturation":0,"alpha":1},"canvasBackground":{"hue":0.57860262008733609,"value":0.83982035928143706,"saturation":0.1419768800464748,"alpha":1},"primaryButton":{"hue":0.57205240174672489,"value":0,"saturation":0.49954634760869709,"alpha":1},"background":{"hue":0.57641921397379903,"value":0.92964071856287422,"saturation":0.10014947683109118,"alpha":1},"highlightText":{"hue":0,"value":1,"saturation":0,"alpha":1},"selectedText":{"hue":0,"value":0,"saturation":0,"alpha":1},"primary":{"hue":0.57641921397379903,"value":0,"saturation":0.46935724962630793,"alpha":1},"emphasizedBackground":{"hue":0.57860262008733621,"value":0.8532934131736527,"saturation":0.11958146487294469,"alpha":1},"highlightBackground":{"hue":0.57205240174672489,"value":0,"saturation":0.88646288209606983,"alpha":1},"selectedBackground":{"hue":0.57641921397379914,"value":0.69573604468914518,"saturation":0,"alpha":1}}