{
  "primary": {
    "hue": 0,
    "value": 0.51,
    "saturation": 1,
    "alpha": 1
  },
  "secondary": {
    "hue": 0.108,
    "value": 1,
    "saturation": 0.09,
    "alpha": 1
  },
  "primaryText": {
    "hue": 0.102,
    "value": 0.30,
    "saturation": 0.30,
    "alpha": 1
  },
  "secondaryText": {
    "hue": 0.094,
    "value": 0.61,
    "saturation": 0.21,
    "alpha": 1
  },
  "highlightText": {
    "hue": 0.0,
    "value": 1,
    "saturation": 0,
    "alpha": 1
  },
  "selectedText": {
    "hue": 0,
    "value": 0.51,
    "saturation": 1,
    "alpha": 1
  },
  "background": {
    "hue": 0.108,
    "value": 1,
    "saturation": 0.09,
    "alpha": 1
  },
  "secondaryBackground": {
    "hue": 0.108,
    "value": 1,
    "saturation": 0.09,
    "alpha": 1
  },
  "highlightBackground": {
    "hue": 0.005,
    "value": 0.94,
    "saturation": 0.54,
    "alpha": 1
  },
  "selectedBackground": {
    "hue": 0.002,
    "value": 1,
    "saturation": 0.23,
    "alpha": 1
  },
  "canvasBackground": {
    "hue": 0.016,
    "value": 1,
    "saturation": 0.12,
    "alpha": 1
  },
  "emphasizedBackground": { 
    "hue": 0.005,
    "value": 0.94,
    "saturation": 0.54,
    "alpha": 1
  },
  "primaryButton": {
    "hue": 0.452,
    "value": 0.80,
    "saturation": 0.28,
    "alpha": 1
  },
  "secondaryButton": {
    "hue": 0.002,
    "value": 1,
    "saturation": 0.23,
    "alpha": 1
  }
}
