{
  "highlightBackground": {
    "saturation": 0.027450980392156876,
    "value": 1,
    "hue": 0.5952380952380955,
    "alpha": 1
  },
  "primary": {
    "saturation": 0.027450980392156876,
    "value": 1,
    "hue": 0.5952380952380955,
    "alpha": 1
  },
  "primaryButton": {
    "saturation": 0.1568627450980392,
    "value": 1,
    "hue": 0.6041666666666666,
    "alpha": 1
  },
  "selectedText": {
    "saturation": 0.41798941798941797,
    "value": 0.7411764705882353,
    "hue": 0.6054852320675106,
    "alpha": 1
  },
  "selectedBackground": {
    "saturation": 0.027450980392156876,
    "value": 1,
    "hue": 0.5952380952380955,
    "alpha": 1
  },
  "primaryText": {
    "saturation": 0.5125,
    "value": 0.6274509803921569,
    "hue": 0.6097560975609756,
    "alpha": 1
  },
  "canvasBackground": {
    "saturation": 0.1568627450980392,
    "value": 1,
    "hue": 0.6041666666666666,
    "alpha": 1
  },
  "secondaryText": {
    "saturation": 0.2755555555555556,
    "value": 0.8823529411764706,
    "hue": 0.6021505376344086,
    "alpha": 1
  },
  "secondaryBackground": {
    "saturation": 0.0980392156862745,
    "value": 1,
    "hue": 0.6133333333333333,
    "alpha": 1
  },
  "background": {
    "saturation": 0.1568627450980392,
    "value": 1,
    "hue": 0.6041666666666666,
    "alpha": 1
  },
  "highlightText": {
    "saturation": 0.5125,
    "value": 0.6274509803921569,
    "hue": 0.6097560975609756,
    "alpha": 1
  },
  "secondaryButton": {
    "saturation": 0.2755555555555556,
    "value": 0.8823529411764706,
    "hue": 0.6021505376344086,
    "alpha": 1
  },
  "secondary": {
    "saturation": 0.2755555555555556,
    "value": 0.8823529411764706,
    "hue": 0.6021505376344086,
    "alpha": 1
  },
  "emphasizedBackground": {
    "saturation": 0.027450980392156876,
    "value": 1,
    "hue": 0.5952380952380955,
    "alpha": 1
  }
}
