{
  "primary": {
    "hue": 0,
    "value": 0.42,
    "saturation": 0,
    "alpha": 1
  },
  "secondary": {
    "hue": 0,
    "value": 0,
    "saturation": 0,
    "alpha": 0
  },
  "primaryText": {
    "hue": 0,
    "value": 0.69,
    "saturation": 0,
    "alpha": 1
  },
  "secondaryText": {
    "hue": 0,
    "value": 1,
    "saturation": 0,
    "alpha": 1
  },
  "highlightText": {
    "hue": 0,
    "value": 1,
    "saturation": 0,
    "alpha": 1
  },
  "selectedText": {
    "hue": 0,
    "value": 1,
    "saturation": 0,
    "alpha": 1
  },
  "background": {
    "hue": 0,
    "value": 0.27,
    "saturation": 0,
    "alpha": 1
  },
  "secondaryBackground": {
    "hue": 0,
    "value": 0.2,
    "saturation": 0,
    "alpha": 1
  },
  "highlightBackground": {
    "hue": 0.038888889,
    "value": 0.45,
    "saturation": 0.68,
    "alpha": 1
  },
  "selectedBackground": {
    "hue": 0,
    "value": 0.1,
    "saturation": 0,
    "alpha": 1
  },
  "canvasBackground": {
    "hue": 0.6666667,
    "value": 0.15,
    "saturation": 0.03,
    "alpha": 1
  },
  "emphasizedBackground": {
    "hue": 0,
    "value": 0.27,
    "saturation": 0,
    "alpha": 1
  },
  "primaryButton": {
    "hue": 0.047222222,
    "value": 0.6,
    "saturation": 0.71,
    "alpha": 1
  },
  "secondaryButton": {
    "hue": 0,
    "value": 0.2,
    "saturation": 0,
    "alpha": 1
  }
}
