{
  "primary": {
    "hue": 0.65,
    "value": 0.38,
    "saturation": 0.6,
    "alpha": 1
  },
  "secondary": {
    "hue": 0.133,
    "value": 1,
    "saturation": 0.54,
    "alpha": 1
  },
  "primaryText": {
    "hue": 0.105,
    "value": 0.31,
    "saturation": 0.3,
    "alpha": 1
  },
  "secondaryText": {
    "hue": 0.094,
    "value": 0.61,
    "saturation": 0.21,
    "alpha": 1
  },
  "highlightText": {
    "hue": 0.055,
    "value": 0.87,
    "saturation": 0.95,
    "alpha": 1
  },
  "selectedText": {
    "hue": 0.055,
    "value": 0.87,
    "saturation": 0.95,
    "alpha": 1
  },
  "background": {
    "hue": 0.102,
    "value": 0.98,
    "saturation": 0.03,
    "alpha": 1
  },
  "secondaryBackground": {
    "hue": 0.102,
    "value": 0.98,
    "saturation": 0.03,
    "alpha": 1
  },
  "highlightBackground": {
    "hue": 0.083,
    "value": 1,
    "saturation": 0.78,
    "alpha": 1
  },
  "selectedBackground": {
    "hue": 0.122,
    "value": 1,
    "saturation": 0.66,
    "alpha": 1
  },
  "canvasBackground": {
    "hue": 0.102,
    "value": 0.76,
    "saturation": 0.11,
    "alpha": 1
  },
  "emphasizedBackground": { 
    "hue": 0.133,
    "value": 0.96,
    "saturation": 0.55,
    "alpha": 1
  },
  "primaryButton": {
    "hue": 0.102,
    "value": 0.98,
    "saturation": 0.03,
    "alpha": 1
  },
  "secondaryButton": {
    "hue": 0.105,
    "value": 0.96,
    "saturation": 0.72,
    "alpha": 1
  }
}
