{
  "primary": {
    "hue": 0,
    "value": 0.5,
    "saturation": 0,
    "alpha": 1
  },
  "secondary": {
    "hue": 0,
    "value": 0,
    "saturation": 0,
    "alpha": 1
  },
  "primaryText": {
    "hue": 0,
    "value": 1,
    "saturation": 0,
    "alpha": 1
  },
  "secondaryText": {
    "hue": 0,
    "value": 0.8,
    "saturation": 0,
    "alpha": 1
  },
  "highlightText": {
    "hue": 0,
    "value": 0,
    "saturation": 0,
    "alpha": 1
  },
  "selectedText": {
    "hue": 0,
    "value": 1,
    "saturation": 0,
    "alpha": 1
  },
  "background": {
    "hue": 0,
    "value": 0.3,
    "saturation": 0,
    "alpha": 1
  },
  "secondaryBackground": {
    "hue": 0,
    "value": 0.2,
    "saturation": 0,
    "alpha": 1
  },
  "highlightBackground": {
    "hue": 0,
    "value": 0.8,
    "saturation": 0,
    "alpha": 1
  },
  "selectedBackground": {
    "hue": 0,
    "value": 0.1,
    "saturation": 0,
    "alpha": 1
  },
  "canvasBackground": {
    "hue": 0,
    "value": 0.1,
    "saturation": 0,
    "alpha": 1
  },
  "emphasizedBackground": {
    "hue": 0,
    "value": 0.7,
    "saturation": 0,
    "alpha": 1
  },
  "primaryButton": {
    "hue": 0,
    "value": 0.8,
    "saturation": 0,
    "alpha": 1
  },
  "secondaryButton": {
    "hue": 0,
    "value": 0.4,
    "saturation": 0,
    "alpha": 1
  }
}
