{"selectedBackground":{"alpha":1,"saturation":0,"value":0,"hue":0},"primary":{"value":0.5019607843137255,"saturation":0,"alpha":1,"hue":0},"selectedText":{"saturation":0,"value":1,"alpha":1,"hue":0},"canvasBackground":{"alpha":1,"value":0.10196078431372549,"saturation":0,"hue":0},"secondaryBackground":{"value":0.2,"saturation":0,"alpha":1,"hue":0},"secondaryText":{"value":0.8117647058823529,"hue":0,"saturation":0,"alpha":1},"primaryButton":{"value":0.1450980392156863,"hue":0,"saturation":0,"alpha":1},"secondary":{"value":0,"saturation":0,"alpha":1,"hue":0},"emphasizedBackground":{"saturation":0,"alpha":1,"hue":0,"value":0.07058823529411765},"secondaryButton":{"hue":0,"value":0.403921568627451,"alpha":1,"saturation":0},"highlightText":{"saturation":0,"value":1,"hue":0,"alpha":1},"background":{"saturation":0,"value":0.24705882352941178,"alpha":1,"hue":0},"primaryText":{"hue":0,"saturation":0,"alpha":1,"value":1}}