{
  "primaryButton": {
    "saturation": 0,
    "value": 0.8,
    "alpha": 1,
    "hue": 0
  },
  "secondary": {
    "saturation": 0,
    "hue": 0,
    "value": 0.4,
    "alpha": 0.9
  },
  "primaryText": {
    "saturation": 0,
    "value": 1,
    "hue": 0,
    "alpha": 1
  },
  "selectedText": {
    "alpha": 1,
    "hue": 0,
    "saturation": 0,
    "value": 1
  },
  "secondaryButton": {
    "hue": 0,
    "alpha": 1,
    "value": 0.4,
    "saturation": 0
  },
  "highlightText": {
    "saturation": 0,
    "hue": 0,
    "alpha": 1,
    "value": 0
  },
  "primary": {
    "saturation": 0,
    "hue": 0,
    "value": 0.85,
    "alpha": 1
  },
  "emphasizedBackground": {
    "value": 0.7,
    "alpha": 1,
    "hue": 0,
    "saturation": 0
  },
  "secondaryBackground": {
    "value": 0.2,
    "alpha": 1,
    "hue": 0,
    "saturation": 0
  },
  "secondaryText": {
    "alpha": 1,
    "saturation": 0,
    "hue": 0,
    "value": 0.9
  },
  "selectedBackground": {
    "saturation": 0,
    "value": 0.1,
    "hue": 0,
    "alpha": 1
  },
  "canvasBackground": {
    "hue": 0,
    "alpha": 1,
    "saturation": 0,
    "value": 0.1
  },
  "background": {
    "saturation": 0,
    "hue": 0,
    "value": 0.4,
    "alpha": 0.9
  },
  "highlightBackground": {
    "hue": 0,
    "saturation": 0,
    "value": 0.8,
    "alpha": 1
  }
}
