{
  "selectedBackground": {
    "alpha": 1,
    "saturation": 0,
    "value": 0,
    "hue": 0
  },
  "primary": {
    "value": 0.5,
    "saturation": 0,
    "alpha": 1,
    "hue": 0
  },
  "selectedText": {
    "saturation": 0,
    "value": 1,
    "alpha": 1,
    "hue": 0
  },
  "canvasBackground": {
    "alpha": 1,
    "value": 0.1,
    "saturation": 0,
    "hue": 0
  },
  "secondaryBackground": {
    "value": 0.2,
    "saturation": 0,
    "alpha": 1,
    "hue": 0
  },
  "secondaryText": {
    "value": 0.8,
    "hue": 0,
    "saturation": 0,
    "alpha": 1
  },
  "primaryButton": {
    "value": 0.15,
    "hue": 0,
    "saturation": 0,
    "alpha": 1
  },
  "secondary": {
    "value": 0,
    "saturation": 0,
    "alpha": 1,
    "hue": 0
  },
  "emphasizedBackground": {
    "saturation": 0,
    "alpha": 1,
    "hue": 0,
    "value": 0.07
  },
  "highlightBackground": {
    "saturation": 0.9,
    "alpha": 1,
    "hue": 0.6,
    "value": 0.75
  },
  "secondaryButton": {
    "hue": 0,
    "value": 0.4,
    "alpha": 1,
    "saturation": 0
  },
  "highlightText": {
    "saturation": 0,
    "value": 1,
    "hue": 0,
    "alpha": 1
  },
  "background": {
    "saturation": 0,
    "value": 0.25,
    "alpha": 1,
    "hue": 0
  },
  "primaryText": {
    "hue": 0,
    "saturation": 0,
    "alpha": 1,
    "value": 1
  }
}
